{
    "IsEncrypted": false,
    "Values": {
      "AzureWebJobsStorage": "UseDevelopmentStorage=true",
      "FUNCTIONS_WORKER_RUNTIME": "dotnet-isolated",
      "RepositoryOptions:CosmosConnectionString": "AccountEndpoint=https://localhost:8081/;AccountKey=C2y6yDjf5/R+ob0N8A7Cgv30VRDJIWEHLM+4QDU5DE2nQ9nDuVTqobD4b8mGGyPMbIZnqyMsEcaGQy67XIw/Jw==",
      "RepositoryOptions:DatabaseId": "MediDeliverDB"
    },
    "Host": {
      "LocalHttpPort": 7071,
      "CORS": "*",
      "CORSCredentials": false
    }
  }