{
  "$schema": "./node_modules/nx/schemas/nx-schema.json",
  "npmScope": "medicapp",
  "affected": {
    "defaultBase": "master"
  },
  "tasksRunnerOptions": {
    "default": {
      "runner": "@nrwl/nx-cloud",
      "options": {
        "cacheableOperations": [
          "build",
          "lint",
          "test",
          "e2e"
        ],
        "accessToken": "NzQyMWU1ZjAtNmZkNy00ZmM0LTgxZmUtZTU5MmRjZWFhMDk5fHJlYWQtd3JpdGU="
      }
    }
  },
  "targetDefaults": {
    "build": {
      "dependsOn": [
        "^build"
      ],
      "inputs": [
        "production",
        "^production"
      ]
    },
    "test": {
      "inputs": [
        "default",
        "^production",
        "{workspaceRoot}/jest.preset.js"
      ]
    },
    "e2e": {
      "inputs": [
        "default",
        "^production"
      ]
    },
    "lint": {
      "inputs": [
        "default",
        "{workspaceRoot}/.eslintrc.json",
        "{workspaceRoot}/.eslintignore"
      ]
    }
  },
  "namedInputs": {
    "default": [
      "{projectRoot}/**/*",
      "sharedGlobals"
    ],
    "production": [
      "default",
      "!{projectRoot}/**/?(*.)+(spec|test).[jt]s?(x)?(.snap)",
      "!{projectRoot}/tsconfig.spec.json",
      "!{projectRoot}/jest.config.[jt]s",
      "!{projectRoot}/.eslintrc.json"
    ],
    "sharedGlobals": [
      "{workspaceRoot}/babel.config.json"
    ]
  },
  "generators": {
    "@nrwl/react": {
      "application": {
        "babel": true
      }
    },
    "@nrwl/next": {
      "application": {
        "style": "css",
        "linter": "eslint"
      }
    }
  }
}
